TimeCDT,TemperatureF,Dew PointF,Humidity,Sea Level PressureIn,VisibilityMPH,Wind Direction,Wind SpeedMPH,Gust SpeedMPH,PrecipitationIn,Events,Conditions,WindDirDegrees,DateUTC
12:53 AM,80.1,77.0,90,29.91,10.0,South,3.5,-,N/A,,Partly Cloudy,170,2014-09-11 05:53:00
1:53 AM,79.0,75.9,90,29.92,10.0,Calm,Calm,-,N/A,,Partly Cloudy,0,2014-09-11 06:53:00
2:53 AM,79.0,75.9,90,29.91,10.0,South,3.5,-,N/A,,Partly Cloudy,180,2014-09-11 07:53:00
3:53 AM,78.1,75.9,93,29.91,10.0,South,3.5,-,N/A,,Partly Cloudy,180,2014-09-11 08:53:00
4:53 AM,78.1,75.9,93,29.91,10.0,SSE,3.5,-,N/A,,Partly Cloudy,160,2014-09-11 09:53:00
5:53 AM,78.8,75.2,89,29.91,10.0,Calm,Calm,-,N/A,,Partly Cloudy,0,2014-09-11 10:53:00
6:53 AM,78.1,75.9,93,29.94,10.0,Calm,Calm,-,0.00,Rain,Light Rain,0,2014-09-11 11:53:00
7:53 AM,80.1,75.9,87,29.95,10.0,Calm,Calm,-,0.00,,Scattered Clouds,0,2014-09-11 12:53:00
8:53 AM,84.0,77.0,79,29.95,10.0,SSW,5.8,-,N/A,,Scattered Clouds,200,2014-09-11 13:53:00
9:53 AM,87.1,75.9,69,29.97,10.0,SSW,9.2,-,N/A,,Scattered Clouds,210,2014-09-11 14:53:00
10:53 AM,89.1,73.9,61,29.97,10.0,SSW,6.9,-,N/A,,Scattered Clouds,200,2014-09-11 15:53:00
11:53 AM,91.0,72.0,53,29.97,10.0,SSW,6.9,-,N/A,,Scattered Clouds,210,2014-09-11 16:53:00
12:53 PM,93.9,69.1,44,29.95,10.0,South,8.1,-,N/A,,Scattered Clouds,170,2014-09-11 17:53:00
1:53 PM,93.0,69.1,45,29.94,10.0,West,5.8,-,N/A,,Scattered Clouds,280,2014-09-11 18:53:00
2:53 PM,93.9,66.9,41,29.91,10.0,SSE,5.8,-,N/A,,Scattered Clouds,150,2014-09-11 19:53:00
3:53 PM,93.9,73.0,51,29.90,10.0,SE,11.5,-,N/A,,Scattered Clouds,140,2014-09-11 20:53:00
4:53 PM,91.9,73.0,54,29.89,10.0,SSE,11.5,-,N/A,,Scattered Clouds,160,2014-09-11 21:53:00
5:53 PM,91.0,73.9,57,29.88,10.0,SSE,10.4,-,N/A,,Scattered Clouds,160,2014-09-11 22:53:00
6:53 PM,88.0,73.9,63,29.90,10.0,SSE,9.2,-,N/A,,Scattered Clouds,160,2014-09-11 23:53:00
7:53 PM,84.9,75.0,72,29.91,10.0,SSE,8.1,-,N/A,,Scattered Clouds,160,2014-09-12 00:53:00
8:53 PM,82.9,75.9,79,29.94,10.0,SSE,3.5,-,N/A,,Scattered Clouds,150,2014-09-12 01:53:00
9:53 PM,82.0,75.0,79,29.95,10.0,SSE,4.6,-,N/A,,Partly Cloudy,160,2014-09-12 02:53:00
10:53 PM,81.0,75.0,82,29.97,10.0,SSE,4.6,-,N/A,,Scattered Clouds,150,2014-09-12 03:53:00
11:53 PM,80.1,75.0,85,29.96,10.0,Calm,Calm,-,N/A,,Scattered Clouds,0,2014-09-12 04:53:00
