TimeCDT,TemperatureF,Dew PointF,Humidity,Sea Level PressureIn,VisibilityMPH,Wind Direction,Wind SpeedMPH,Gust SpeedMPH,PrecipitationIn,Events,Conditions,WindDirDegrees,DateUTC
12:53 AM,79.0,73.9,84,30.03,10.0,Calm,Calm,-,N/A,,Scattered Clouds,0,2014-08-06 05:53:00
1:53 AM,79.0,73.9,84,30.03,10.0,SE,4.6,-,N/A,,Scattered Clouds,140,2014-08-06 06:53:00
2:53 AM,79.0,73.9,84,30.03,10.0,Calm,Calm,-,N/A,,Partly Cloudy,0,2014-08-06 07:53:00
3:53 AM,78.1,73.9,87,30.02,10.0,Calm,Calm,-,N/A,,Partly Cloudy,0,2014-08-06 08:53:00
4:53 AM,78.1,73.9,87,30.03,10.0,Calm,Calm,-,N/A,,Partly Cloudy,0,2014-08-06 09:53:00
5:53 AM,78.1,73.9,87,30.03,10.0,Calm,Calm,-,N/A,,Scattered Clouds,0,2014-08-06 10:53:00
6:53 AM,78.1,73.9,87,30.04,10.0,Calm,Calm,-,N/A,,Scattered Clouds,0,2014-08-06 11:53:00
7:53 AM,79.0,75.0,88,30.05,10.0,Calm,Calm,-,N/A,,Scattered Clouds,0,2014-08-06 12:53:00
8:53 AM,82.9,75.0,77,30.06,10.0,Calm,Calm,-,N/A,,Scattered Clouds,0,2014-08-06 13:53:00
9:53 AM,86.0,73.9,67,30.06,10.0,SW,8.1,-,N/A,,Scattered Clouds,220,2014-08-06 14:53:00
10:53 AM,88.0,72.0,59,30.05,10.0,South,8.1,-,N/A,,Scattered Clouds,180,2014-08-06 15:53:00
11:53 AM,89.6,69.8,52,30.03,10.0,Variable,6.9,-,N/A,,Scattered Clouds,0,2014-08-06 16:53:00
12:53 PM,91.0,70.0,50,30.02,10.0,SSE,6.9,-,N/A,,Scattered Clouds,150,2014-08-06 17:53:00
1:53 PM,91.4,73.4,55,30.00,10.0,South,8.1,-,N/A,,Scattered Clouds,180,2014-08-06 18:53:00
2:53 PM,91.0,72.0,53,29.99,10.0,SSE,6.9,-,N/A,,Scattered Clouds,160,2014-08-06 19:53:00
3:53 PM,90.0,73.9,59,29.98,10.0,South,10.4,-,N/A,,Mostly Cloudy,170,2014-08-06 20:53:00
4:53 PM,90.0,73.9,59,29.96,10.0,South,10.4,-,0.00,Rain,Light Rain,180,2014-08-06 21:53:00
5:53 PM,91.0,73.0,55,29.95,10.0,SSE,10.4,-,N/A,,Scattered Clouds,150,2014-08-06 22:53:00
6:53 PM,89.1,73.9,61,29.95,10.0,SSE,10.4,-,N/A,,Scattered Clouds,160,2014-08-06 23:53:00
7:53 PM,86.0,73.9,67,29.96,10.0,SSE,10.4,-,N/A,,Scattered Clouds,150,2014-08-07 00:53:00
8:53 PM,84.0,73.9,72,29.96,10.0,SSE,8.1,-,N/A,,Partly Cloudy,160,2014-08-07 01:53:00
9:53 PM,82.0,75.0,79,29.97,10.0,South,6.9,-,N/A,,Partly Cloudy,170,2014-08-07 02:53:00
10:53 PM,81.0,75.0,82,29.99,10.0,South,5.8,-,N/A,,Scattered Clouds,170,2014-08-07 03:53:00
11:53 PM,80.1,75.9,87,29.98,10.0,South,3.5,-,N/A,,Scattered Clouds,180,2014-08-07 04:53:00
