TimeCDT,TemperatureF,Dew PointF,Humidity,Sea Level PressureIn,VisibilityMPH,Wind Direction,Wind SpeedMPH,Gust SpeedMPH,PrecipitationIn,Events,Conditions,WindDirDegrees,DateUTC
12:53 AM,81.0,77.0,88,30.03,10.0,SW,3.5,-,N/A,,Scattered Clouds,220,2014-07-23 05:53:00
1:53 AM,80.1,75.9,87,30.03,10.0,Calm,Calm,-,N/A,,Mostly Cloudy,0,2014-07-23 06:53:00
2:53 AM,78.1,75.0,90,30.02,10.0,SSW,4.6,-,N/A,,Scattered Clouds,200,2014-07-23 07:53:00
3:53 AM,78.1,75.9,93,30.02,10.0,Calm,Calm,-,N/A,,Scattered Clouds,0,2014-07-23 08:53:00
4:53 AM,80.1,75.9,87,30.02,10.0,West,3.5,-,N/A,,Mostly Cloudy,260,2014-07-23 09:53:00
5:53 AM,79.0,73.9,84,30.04,10.0,West,5.8,-,N/A,,Mostly Cloudy,270,2014-07-23 10:53:00
6:53 AM,80.1,75.0,85,30.05,10.0,WNW,4.6,-,N/A,,Scattered Clouds,300,2014-07-23 11:53:00
