TimeCDT,TemperatureF,Dew PointF,Humidity,Sea Level PressureIn,VisibilityMPH,Wind Direction,Wind SpeedMPH,Gust SpeedMPH,PrecipitationIn,Events,Conditions,WindDirDegrees,DateUTC
12:53 AM,81.0,77.0,88,29.96,10.0,SSW,4.6,-,N/A,,Scattered Clouds,200,2015-09-07 05:53:00
1:53 AM,81.0,77.0,88,29.95,10.0,Calm,Calm,-,N/A,,Scattered Clouds,0,2015-09-07 06:53:00
2:53 AM,80.1,77.0,90,29.95,10.0,Calm,Calm,-,N/A,,Scattered Clouds,0,2015-09-07 07:53:00
3:53 AM,79.0,75.9,90,29.94,10.0,Calm,Calm,-,N/A,,Clear,0,2015-09-07 08:53:00
4:53 AM,79.0,75.9,90,29.95,10.0,Calm,Calm,-,N/A,,Partly Cloudy,0,2015-09-07 09:53:00
5:53 AM,79.0,75.9,90,29.96,10.0,Calm,Calm,-,N/A,,Partly Cloudy,0,2015-09-07 10:53:00
6:53 AM,79.0,75.9,90,29.96,10.0,Calm,Calm,-,N/A,,Scattered Clouds,0,2015-09-07 11:53:00
7:53 AM,79.0,77.0,94,29.98,10.0,Calm,Calm,-,N/A,,Partly Cloudy,0,2015-09-07 12:53:00
8:53 AM,84.0,77.0,79,29.99,10.0,Calm,Calm,-,N/A,,Partly Cloudy,0,2015-09-07 13:53:00
9:53 AM,86.0,75.9,72,30.00,10.0,Calm,Calm,-,N/A,,Scattered Clouds,0,2015-09-07 14:53:00
10:53 AM,88.0,75.0,65,30.01,10.0,Variable,3.5,-,N/A,,Scattered Clouds,0,2015-09-07 15:53:00
11:53 AM,91.0,73.0,55,30.00,10.0,Calm,Calm,-,N/A,,Scattered Clouds,0,2015-09-07 16:53:00
12:53 PM,90.0,71.1,54,29.98,10.0,South,3.5,-,N/A,,Mostly Cloudy,190,2015-09-07 17:53:00
1:53 PM,86.0,73.0,65,29.98,10.0,West,12.7,-,N/A,,Mostly Cloudy,260,2015-09-07 18:53:00
2:53 PM,87.1,73.9,65,29.95,10.0,SSE,6.9,-,N/A,,Mostly Cloudy,160,2015-09-07 19:53:00
3:53 PM,90.0,73.9,59,29.91,10.0,South,6.9,-,N/A,,Scattered Clouds,180,2015-09-07 20:53:00
4:53 PM,89.1,73.9,61,29.90,10.0,SSE,9.2,-,N/A,,Scattered Clouds,150,2015-09-07 21:53:00
5:53 PM,89.1,73.9,61,29.90,10.0,SSE,8.1,-,N/A,,Scattered Clouds,160,2015-09-07 22:53:00
6:53 PM,87.1,73.0,63,29.91,10.0,South,5.8,-,N/A,,Mostly Cloudy,180,2015-09-07 23:53:00
7:53 PM,84.0,73.0,69,29.91,10.0,SSE,4.6,-,N/A,,Mostly Cloudy,160,2015-09-08 00:53:00
8:53 PM,82.0,73.0,74,29.93,10.0,SSE,5.8,-,N/A,,Scattered Clouds,160,2015-09-08 01:53:00
9:53 PM,81.0,73.9,79,29.94,10.0,SSE,3.5,-,N/A,,Scattered Clouds,150,2015-09-08 02:53:00
10:53 PM,80.1,75.0,85,29.95,10.0,SSE,5.8,-,N/A,,Scattered Clouds,150,2015-09-08 03:53:00
11:53 PM,80.1,75.0,85,29.94,10.0,SSE,4.6,-,N/A,,Scattered Clouds,160,2015-09-08 04:53:00
