TimeCDT,TemperatureF,Dew PointF,Humidity,Sea Level PressureIn,VisibilityMPH,Wind Direction,Wind SpeedMPH,Gust SpeedMPH,PrecipitationIn,Events,Conditions,WindDirDegrees,DateUTC
12:53 AM,77.0,73.9,90,29.90,10.0,Calm,Calm,-,N/A,,Scattered Clouds,0,2015-06-10 05:53:00
1:53 AM,77.0,73.9,90,29.88,10.0,SW,3.5,-,N/A,,Scattered Clouds,220,2015-06-10 06:53:00
2:53 AM,77.0,73.0,88,29.87,10.0,Calm,Calm,-,N/A,,Scattered Clouds,0,2015-06-10 07:53:00
3:53 AM,75.9,73.0,91,29.86,10.0,SSW,4.6,-,N/A,,Scattered Clouds,200,2015-06-10 08:53:00
4:53 AM,75.9,73.0,91,29.87,10.0,Calm,Calm,-,N/A,,Scattered Clouds,0,2015-06-10 09:53:00
5:53 AM,75.0,73.0,94,29.88,10.0,Calm,Calm,-,N/A,,Scattered Clouds,0,2015-06-10 10:53:00
6:53 AM,75.0,73.0,94,29.90,10.0,SW,3.5,-,N/A,,Partly Cloudy,230,2015-06-10 11:53:00
7:53 AM,79.0,73.0,82,29.91,10.0,Calm,Calm,-,N/A,,Clear,0,2015-06-10 12:53:00
8:53 AM,81.0,73.0,77,29.92,10.0,WSW,4.6,-,N/A,,Partly Cloudy,240,2015-06-10 13:53:00
9:53 AM,82.9,73.0,72,29.92,10.0,SSW,5.8,-,N/A,,Partly Cloudy,210,2015-06-10 14:53:00
10:53 AM,84.9,71.1,63,29.91,10.0,SW,5.8,-,N/A,,Scattered Clouds,230,2015-06-10 15:53:00
11:53 AM,88.0,72.0,59,29.91,10.0,South,4.6,-,N/A,,Scattered Clouds,180,2015-06-10 16:53:00
12:53 PM,89.1,70.0,53,29.89,10.0,WSW,6.9,-,N/A,,Scattered Clouds,240,2015-06-10 17:53:00
1:53 PM,90.0,69.1,50,29.87,10.0,SW,9.2,-,N/A,,Scattered Clouds,220,2015-06-10 18:53:00
2:53 PM,91.4,69.8,49,29.84,10.0,Variable,3.5,-,N/A,,Scattered Clouds,0,2015-06-10 19:53:00
3:53 PM,91.4,69.8,49,29.82,10.0,Variable,5.8,-,N/A,,Scattered Clouds,0,2015-06-10 20:53:00
4:53 PM,91.0,72.0,53,29.81,10.0,South,12.7,16.1,N/A,,Scattered Clouds,170,2015-06-10 21:53:00
5:53 PM,91.0,71.1,52,29.80,10.0,SSE,9.2,-,N/A,,Scattered Clouds,150,2015-06-10 22:53:00
6:53 PM,89.1,71.1,55,29.80,10.0,South,9.2,-,N/A,,Scattered Clouds,170,2015-06-10 23:53:00
7:53 PM,86.0,69.1,57,29.80,10.0,South,9.2,-,N/A,,Scattered Clouds,170,2015-06-11 00:53:00
8:53 PM,82.9,68.0,60,29.83,10.0,SSE,6.9,-,N/A,,Scattered Clouds,160,2015-06-11 01:53:00
9:53 PM,81.0,68.0,65,29.85,10.0,South,8.1,-,N/A,,Scattered Clouds,170,2015-06-11 02:53:00
10:53 PM,80.1,69.1,69,29.86,10.0,South,8.1,-,N/A,,Scattered Clouds,180,2015-06-11 03:53:00
11:53 PM,78.1,70.0,76,29.87,10.0,SSE,4.6,-,N/A,,Scattered Clouds,160,2015-06-11 04:53:00
